,complex.id,gene,cdr3,v.segm,j.segm,species,mhc.a,mhc.b,mhc.class,antigen.epitope,antigen.gene,antigen.species,reference.id,method,meta,cdr3fix,vdjdb.score,web.method,web.method.seq,web.cdr3fix.nc,web.cdr3fix.unmp
,id£¬30594 pairs£¬31583 is 0,gene£¬a and b£¬having a A and a B in one pair,cdr sequence£¬joining region,The isoform name of the V fragment,j,"species including HomoSapiens 
MacacaMulatta     MusMusculus","Major Histocompatibility Complex==Human Leukocyte Antigen£¬HLA£¬Antigen-binding MHC forming complexes that can be recognized by T cells are classified into class I and II and consist of ¦Á and ¦Â chains (for clase I, it's ¦Â microglobulins).",,"MHC type, 1/2, class 1 accounts for the majority, 8,800+",sequence of antigen,gene type,"species, compatible with a variety of diseases",sourse of articles or data,"method, including sequencing method¡­",original data ish,cdr3 fix record,"0-3, may be the score of the dataset, 0 is the majority, 8,000+",,"DNA sequencing method     singlecell    61602
amplicon      19864
sanger        10466
other           839","nc means no change, ""yes"" does not change before and after the cdr3fix field, most of them are ""no""",
0,1,TRA,CIVRAPGRADMRF,TRAV26-1*01,TRAJ43*01,HomoSapiens,HLA-B*08,B2M,MHCI,FLKEKGGL,Nef,HIV-1,PMID:15596521,"{""frequency"": """", ""identification"": ""tetramer-sort"", ""sequencing"": ""sanger"", ""singlecell"": """", ""verification"": ""antigen-loaded-targets""}","{""cell.subset"": ""CD8+"", ""clone.id"": """", ""donor.MHC"": ""HLA-A*02:01,HLA-A*24:02;HLA-B*08:01,HLA-B*5701;HLA-Cw*06:02,HLA-Cw*07:01;HLA-DRB*07:01,HLA-DRB*13:01"", ""donor.MHC.method"": """", ""epitope.id"": """", ""replica.id"": """", ""samples.found"": 1, ""structure.id"": """", ""studies.found"": 1, ""study.id"": """", ""subject.cohort"": ""HIV+"", ""subject.id"": ""005"", ""tissue"": ""PBMC""}","{""cdr3"": ""CIVRAPGRADMRF"", ""cdr3_old"": ""CIVRAPGRADMR"", ""fixNeeded"": true, ""good"": true, ""jCanonical"": true, ""jFixType"": ""Realign"", ""jId"": ""TRAJ43*01"", ""jStart"": 9, ""oldJFixType"": ""FixAdd"", ""oldJStart"": 10, ""vCanonical"": true, ""vEnd"": 4, ""vFixType"": ""NoFixNeeded"", ""vId"": ""TRAV26-1*01""}",2,sort,sanger,no,no
1,1,TRB,CASSYLPGQGDHYSNQPQHF,TRBV13*01,TRBJ1-5*01,HomoSapiens,HLA-B*08,B2M,MHCI,FLKEKGGL,Nef,HIV-1,PMID:15596521,"{""frequency"": """", ""identification"": ""tetramer-sort"", ""sequencing"": ""sanger"", ""singlecell"": """", ""verification"": ""antigen-loaded-targets""}","{""cell.subset"": ""CD8+"", ""clone.id"": """", ""donor.MHC"": ""HLA-A*02:01,HLA-A*24:02;HLA-B*08:01,HLA-B*5701;HLA-Cw*06:02,HLA-Cw*07:01;HLA-DRB*07:01,HLA-DRB*13:01"", ""donor.MHC.method"": """", ""epitope.id"": """", ""replica.id"": """", ""samples.found"": 1, ""structure.id"": """", ""studies.found"": 1, ""study.id"": """", ""subject.cohort"": ""HIV+"", ""subject.id"": ""005"", ""tissue"": ""PBMC""}","{""cdr3"": ""CASSYLPGQGDHYSNQPQHF"", ""cdr3_old"": ""CASSYLPGQGDHYSNQPQH"", ""fixNeeded"": true, ""good"": true, ""jCanonical"": true, ""jFixType"": ""Realign"", ""jId"": ""TRBJ1-5*01"", ""jStart"": 13, ""oldJFixType"": ""FixAdd"", ""oldJStart"": 14, ""vCanonical"": true, ""vEnd"": 4, ""vFixType"": ""NoFixNeeded"", ""vId"": ""TRBV13*01""}",2,sort,sanger,no,no
2,0,TRB,CASSFEAGQGFFSNQPQHF,TRBV13*01,TRBJ1-5*01,HomoSapiens,HLA-B*08,B2M,MHCI,FLKEKGGL,Nef,HIV-1,PMID:15596521,"{""frequency"": """", ""identification"": ""tetramer-sort"", ""sequencing"": ""sanger"", ""singlecell"": """", ""verification"": ""antigen-loaded-targets""}","{""cell.subset"": ""CD8+"", ""clone.id"": """", ""donor.MHC"": ""HLA-A*01:01,HLA-A*02:01;HLA-B*08:01,HLA-B*57:01;HLA-Cw*06:02,HLA-Cw*07:01;HLA-DRB*08:03:2,HLA-DRB*15:01:1"", ""donor.MHC.method"": """", ""epitope.id"": """", ""replica.id"": """", ""samples.found"": 1, ""structure.id"": """", ""studies.found"": 1, ""study.id"": """", ""subject.cohort"": ""HIV+"", ""subject.id"": ""065"", ""tissue"": ""PBMC""}","{""cdr3"": ""CASSFEAGQGFFSNQPQHF"", ""cdr3_old"": ""CASSFEAGQGFFSNQPQH"", ""fixNeeded"": true, ""good"": true, ""jCanonical"": true, ""jFixType"": ""Realign"", ""jId"": ""TRBJ1-5*01"", ""jStart"": 12, ""oldJFixType"": ""FixAdd"", ""oldJStart"": 13, ""vCanonical"": true, ""vEnd"": 4, ""vFixType"": ""NoFixNeeded"", ""vId"": ""TRBV13*01""}",2,sort,sanger,no,no
3,2,TRA,CAVPSGAGSYQLTF,TRAV20*01,TRAJ28*01,HomoSapiens,HLA-B*08,B2M,MHCI,FLKEKGGL,Nef,HIV-1,PMID:15596521,"{""frequency"": """", ""identification"": ""tetramer-sort"", ""sequencing"": ""sanger"", ""singlecell"": """", ""verification"": ""antigen-loaded-targets""}","{""cell.subset"": ""CD8+"", ""clone.id"": """", ""donor.MHC"": ""HLA-A*02,HLA-A*24:02;HLA-B*08:01,HLA-B*15;HLA-Cw*07,HLA-Cw*12;HLA-DRB*13:01,HLA-DRB*03:01"", ""donor.MHC.method"": """", ""epitope.id"": """", ""replica.id"": """", ""samples.found"": 1, ""structure.id"": """", ""studies.found"": 1, ""study.id"": """", ""subject.cohort"": ""HIV+"", ""subject.id"": ""200"", ""tissue"": ""PBMC""}","{""cdr3"": ""CAVPSGAGSYQLTF"", ""cdr3_old"": ""CAVPSGAGSYQLT"", ""fixNeeded"": true, ""good"": true, ""jCanonical"": true, ""jFixType"": ""Realign"", ""jId"": ""TRAJ28*01"", ""jStart"": 4, ""oldJFixType"": ""FixAdd"", ""oldJStart"": 5, ""oldVEnd"": -1, ""oldVFixType"": ""FailedBadSegment"", ""oldVId"": null, ""vCanonical"": true, ""vEnd"": 3, ""vFixType"": ""ChangeSegment"", ""vId"": ""TRAV20*01""}",2,sort,sanger,no,no
4,2,TRB,CASSFEPGQGFYSNQPQHF,TRBV13*01,TRBJ1-5*01,HomoSapiens,HLA-B*08,B2M,MHCI,FLKEKGGL,Nef,HIV-1,PMID:15596521,"{""frequency"": """", ""identification"": ""tetramer-sort"", ""sequencing"": ""sanger"", ""singlecell"": """", ""verification"": ""antigen-loaded-targets""}","{""cell.subset"": ""CD8+"", ""clone.id"": """", ""donor.MHC"": ""HLA-A*02,HLA-A*24:02;HLA-B*08:01,HLA-B*15;HLA-Cw*07,HLA-Cw*12;HLA-DRB*13:01,HLA-DRB*03:01"", ""donor.MHC.method"": """", ""epitope.id"": """", ""replica.id"": """", ""samples.found"": 1, ""structure.id"": """", ""studies.found"": 1, ""study.id"": """", ""subject.cohort"": ""HIV+"", ""subject.id"": ""200"", ""tissue"": ""PBMC""}","{""cdr3"": ""CASSFEPGQGFYSNQPQHF"", ""cdr3_old"": ""CASSFEPGQGFYSNQPQH"", ""fixNeeded"": true, ""good"": true, ""jCanonical"": true, ""jFixType"": ""Realign"", ""jId"": ""TRBJ1-5*01"", ""jStart"": 12, ""oldJFixType"": ""FixAdd"", ""oldJStart"": 13, ""vCanonical"": true, ""vEnd"": 4, ""vFixType"": ""NoFixNeeded"", ""vId"": ""TRBV13*01""}",2,sort,sanger,no,no
